trial_path,operator_id,session_id,trial_id,planned_trial_id,attempt_no,verified_label,trial_status,intensity_instruction,speed_instruction,direction_instruction,position_instruction,sampling_rate_observed_hz,frame_count,duration_ms,quality_flags
operator_01/session_01/trial_000001_attempt_03,operator_01,session_01,trial_000001_attempt_03,trial_000001,3,RUB,VALID,NORMAL,SLOW,HORIZONTAL,CENTER,52.961847,742,3984.000,SDK_TOUCH_FLAG_ALWAYS_FALSE
operator_01/session_01/trial_000002,operator_01,session_01,trial_000002,trial_000002,1,POKE,VALID,LIGHT,,,TOP,52.948557,744,3985.000,SDK_TOUCH_FLAG_ALWAYS_FALSE
operator_01/session_01/trial_000003,operator_01,session_01,trial_000003,trial_000003,1,TAP,VALID,LIGHT,,,CENTER,52.961847,743,3984.000,SDK_TOUCH_FLAG_ALWAYS_FALSE
operator_01/session_01/trial_000004,operator_01,session_01,trial_000004,trial_000004,1,IMPACT,VALID,NORMAL,,,CENTER,52.710843,745,3984.000,SDK_TOUCH_FLAG_ALWAYS_FALSE
operator_01/session_01/trial_000005,operator_01,session_01,trial_000005,trial_000005,1,STROKE,VALID,NORMAL,SLOW,LEFT_TO_RIGHT,CENTER,52.948557,748,3985.000,SDK_TOUCH_FLAG_ALWAYS_FALSE
operator_01/session_01/trial_000006,operator_01,session_01,trial_000006,trial_000006,1,TAP,VALID,NORMAL,,,TOP_LEFT,52.948557,745,3985.000,SDK_TOUCH_FLAG_ALWAYS_FALSE
operator_01/session_01/trial_000007,operator_01,session_01,trial_000007,trial_000007,1,STROKE,VALID,NORMAL,MEDIUM,RIGHT_TO_LEFT,CENTER,52.961847,747,3984.000,SDK_TOUCH_FLAG_ALWAYS_FALSE
operator_01/session_01/trial_000008_attempt_02,operator_01,session_01,trial_000008_attempt_02,trial_000008,2,PAT,VALID,LIGHT,SLOW,,CENTER,52.948557,744,3985.000,SDK_TOUCH_FLAG_ALWAYS_FALSE
operator_01/session_01/trial_000009,operator_01,session_01,trial_000009,trial_000009,1,POKE,VALID,NORMAL,,,CENTER,53.212851,745,3984.000,SDK_TOUCH_FLAG_ALWAYS_FALSE
operator_01/session_01/trial_000010,operator_01,session_01,trial_000010,trial_000010,1,TAP,VALID,FIRM,,,BOTTOM_RIGHT,52.961847,748,3984.000,SDK_TOUCH_FLAG_ALWAYS_FALSE
operator_01/session_01/trial_000011,operator_01,session_01,trial_000011,trial_000011,1,STATIC_TOUCH,VALID,LIGHT,SLOW,,CENTER,52.961847,748,3984.000,SDK_TOUCH_FLAG_ALWAYS_FALSE
operator_01/session_01/trial_000012_attempt_02,operator_01,session_01,trial_000012_attempt_02,trial_000012,2,PAT,VALID,NORMAL,MEDIUM,,CENTER,52.961847,741,3984.000,SDK_TOUCH_FLAG_ALWAYS_FALSE
operator_01/session_01/trial_000013,operator_01,session_01,trial_000013,trial_000013,1,STATIC_TOUCH,VALID,NORMAL,MEDIUM,,CENTER,52.961847,747,3984.000,SDK_TOUCH_FLAG_ALWAYS_FALSE
operator_01/session_01/trial_000014,operator_01,session_01,trial_000014,trial_000014,1,IMPACT,VALID,FIRM,,,CENTER,52.961847,746,3984.000,SDK_TOUCH_FLAG_ALWAYS_FALSE
operator_01/session_01/trial_000015_attempt_02,operator_01,session_01,trial_000015_attempt_02,trial_000015,2,PAT,VALID,FIRM,FAST,,CENTER,53.199498,743,3985.000,SDK_TOUCH_FLAG_ALWAYS_FALSE
operator_01/session_01/trial_000016,operator_01,session_01,trial_000016,trial_000016,1,STROKE,VALID,LIGHT,FAST,TOP_TO_BOTTOM,CENTER,52.961847,743,3984.000,SDK_TOUCH_FLAG_ALWAYS_FALSE
operator_01/session_01/trial_000017_attempt_02,operator_01,session_01,trial_000017_attempt_02,trial_000017,2,RUB,VALID,NORMAL,MEDIUM,VERTICAL,CENTER,52.948557,741,3985.000,SDK_TOUCH_FLAG_ALWAYS_FALSE
operator_01/session_01/trial_000018_attempt_02,operator_01,session_01,trial_000018_attempt_02,trial_000018,2,RUB,VALID,FIRM,FAST,HORIZONTAL,CENTER,53.199498,741,3985.000,SDK_TOUCH_FLAG_ALWAYS_FALSE
operator_01/session_01/trial_000019,operator_01,session_01,trial_000019,trial_000019,1,STATIC_TOUCH,VALID,FIRM,SLOW,,CENTER,52.948557,745,3985.000,SDK_TOUCH_FLAG_ALWAYS_FALSE
operator_01/session_01/trial_000020,operator_01,session_01,trial_000020,trial_000020,1,STROKE,VALID,LIGHT,MEDIUM,BOTTOM_TO_TOP,CENTER,52.710843,745,3984.000,SDK_TOUCH_FLAG_ALWAYS_FALSE
operator_01/session_01/trial_000021,operator_01,session_01,trial_000021,trial_000021,1,TAP,VALID,LIGHT,,,CENTER,52.961847,747,3984.000,SDK_TOUCH_FLAG_ALWAYS_FALSE
operator_01/session_01/trial_000022_attempt_02,operator_01,session_01,trial_000022_attempt_02,trial_000022,2,PAT,VALID,LIGHT,SLOW,,CENTER,52.948557,747,3985.000,SDK_TOUCH_FLAG_ALWAYS_FALSE
operator_01/session_01/trial_000023,operator_01,session_01,trial_000023,trial_000023,1,STATIC_TOUCH,VALID,LIGHT,SLOW,,CENTER,53.199498,749,3985.000,SDK_TOUCH_FLAG_ALWAYS_FALSE
operator_01/session_01/trial_000024,operator_01,session_01,trial_000024,trial_000024,1,STATIC_TOUCH,VALID,NORMAL,MEDIUM,,CENTER,52.710843,746,3984.000,SDK_TOUCH_FLAG_ALWAYS_FALSE
operator_01/session_01/trial_000025,operator_01,session_01,trial_000025,trial_000025,1,IMPACT,VALID,NORMAL,,,CENTER,52.961847,744,3984.000,SDK_TOUCH_FLAG_ALWAYS_FALSE
operator_01/session_01/trial_000026_attempt_02,operator_01,session_01,trial_000026_attempt_02,trial_000026,2,RUB,VALID,NORMAL,SLOW,HORIZONTAL,CENTER,53.212851,746,3984.000,SDK_TOUCH_FLAG_ALWAYS_FALSE
operator_01/session_01/trial_000027,operator_01,session_01,trial_000027,trial_000027,1,POKE,VALID,FIRM,,,BOTTOM,52.697616,743,3985.000,SDK_TOUCH_FLAG_ALWAYS_FALSE
operator_01/session_01/trial_000028_attempt_02,operator_01,session_01,trial_000028_attempt_02,trial_000028,2,RUB,VALID,NORMAL,MEDIUM,VERTICAL,CENTER,52.710843,742,3984.000,SDK_TOUCH_FLAG_ALWAYS_FALSE
operator_01/session_01/trial_000029,operator_01,session_01,trial_000029,trial_000029,1,POKE,VALID,LIGHT,,,TOP,52.948557,746,3985.000,SDK_TOUCH_FLAG_ALWAYS_FALSE
operator_01/session_01/trial_000030,operator_01,session_01,trial_000030,trial_000030,1,POKE,VALID,NORMAL,,,CENTER,52.961847,745,3984.000,SDK_TOUCH_FLAG_ALWAYS_FALSE
operator_01/session_01/trial_000031,operator_01,session_01,trial_000031,trial_000031,1,IMPACT,VALID,FIRM,,,CENTER,52.948557,744,3985.000,SDK_TOUCH_FLAG_ALWAYS_FALSE
operator_01/session_01/trial_000032,operator_01,session_01,trial_000032,trial_000032,1,IMPACT,VALID,NORMAL,,,CENTER,52.948557,747,3985.000,SDK_TOUCH_FLAG_ALWAYS_FALSE
operator_01/session_01/trial_000033,operator_01,session_01,trial_000033,trial_000033,1,STROKE,VALID,NORMAL,SLOW,LEFT_TO_RIGHT,CENTER,52.961847,747,3984.000,SDK_TOUCH_FLAG_ALWAYS_FALSE
operator_01/session_01/trial_000034_attempt_02,operator_01,session_01,trial_000034_attempt_02,trial_000034,2,PAT,VALID,NORMAL,MEDIUM,,CENTER,52.948557,741,3985.000,SDK_TOUCH_FLAG_ALWAYS_FALSE
operator_01/session_01/trial_000035,operator_01,session_01,trial_000035,trial_000035,1,TAP,VALID,NORMAL,,,TOP_LEFT,52.961847,748,3984.000,SDK_TOUCH_FLAG_ALWAYS_FALSE
operator_01/session_02/trial_000001,operator_01,session_02,trial_000001,trial_000001,1,IMPACT,VALID,NORMAL,,,CENTER,52.961847,744,3984.000,SDK_TOUCH_FLAG_ALWAYS_FALSE
operator_01/session_02/trial_000002,operator_01,session_02,trial_000002,trial_000002,1,TAP,VALID,LIGHT,,,CENTER,53.212851,742,3984.000,SDK_TOUCH_FLAG_ALWAYS_FALSE
operator_01/session_02/trial_000003,operator_01,session_02,trial_000003,trial_000003,1,STATIC_TOUCH,VALID,LIGHT,SLOW,,CENTER,52.948557,750,3985.000,SDK_TOUCH_FLAG_ALWAYS_FALSE
operator_01/session_02/trial_000004,operator_01,session_02,trial_000004,trial_000004,1,STROKE,VALID,NORMAL,SLOW,LEFT_TO_RIGHT,CENTER,52.961847,747,3984.000,SDK_TOUCH_FLAG_ALWAYS_FALSE
operator_01/session_02/trial_000005,operator_01,session_02,trial_000005,trial_000005,1,IMPACT,VALID,FIRM,,,CENTER,52.961847,745,3984.000,SDK_TOUCH_FLAG_ALWAYS_FALSE
operator_01/session_02/trial_000006,operator_01,session_02,trial_000006,trial_000006,1,IMPACT,VALID,NORMAL,,,CENTER,52.961847,741,3984.000,SDK_TOUCH_FLAG_ALWAYS_FALSE
operator_01/session_02/trial_000007_attempt_02,operator_01,session_02,trial_000007_attempt_02,trial_000007,2,PAT,VALID,LIGHT,SLOW,,CENTER,52.961847,736,3984.000,SDK_TOUCH_FLAG_ALWAYS_FALSE
operator_01/session_02/trial_000008_attempt_02,operator_01,session_02,trial_000008_attempt_02,trial_000008,2,PAT,VALID,NORMAL,MEDIUM,,CENTER,52.948557,745,3985.000,SDK_TOUCH_FLAG_ALWAYS_FALSE
operator_01/session_02/trial_000009_attempt_02,operator_01,session_02,trial_000009_attempt_02,trial_000009,2,RUB,VALID,NORMAL,SLOW,HORIZONTAL,CENTER,52.710843,744,3984.000,SDK_TOUCH_FLAG_ALWAYS_FALSE
operator_01/session_02/trial_000010,operator_01,session_02,trial_000010,trial_000010,1,POKE,VALID,LIGHT,,,TOP,52.948557,747,3985.000,SDK_TOUCH_FLAG_ALWAYS_FALSE
operator_01/session_02/trial_000011_attempt_02,operator_01,session_02,trial_000011_attempt_02,trial_000011,2,PAT,VALID,FIRM,FAST,,CENTER,52.961847,745,3984.000,SDK_TOUCH_FLAG_ALWAYS_FALSE
operator_01/session_02/trial_000012,operator_01,session_02,trial_000012,trial_000012,1,STROKE,VALID,NORMAL,MEDIUM,RIGHT_TO_LEFT,CENTER,52.961847,748,3984.000,SDK_TOUCH_FLAG_ALWAYS_FALSE
operator_01/session_02/trial_000013_attempt_02,operator_01,session_02,trial_000013_attempt_02,trial_000013,2,RUB,VALID,NORMAL,MEDIUM,VERTICAL,CENTER,52.961847,743,3984.000,SDK_TOUCH_FLAG_ALWAYS_FALSE
operator_01/session_02/trial_000014,operator_01,session_02,trial_000014,trial_000014,1,TAP,VALID,NORMAL,,,TOP_LEFT,52.961847,745,3984.000,SDK_TOUCH_FLAG_ALWAYS_FALSE
operator_01/session_02/trial_000015,operator_01,session_02,trial_000015,trial_000015,1,POKE,VALID,NORMAL,,,CENTER,52.948557,747,3985.000,SDK_TOUCH_FLAG_ALWAYS_FALSE
operator_01/session_02/trial_000016,operator_01,session_02,trial_000016,trial_000016,1,STATIC_TOUCH,VALID,NORMAL,MEDIUM,,CENTER,52.961847,749,3984.000,SDK_TOUCH_FLAG_ALWAYS_FALSE
operator_01/session_02/trial_000017,operator_01,session_02,trial_000017,trial_000017,1,STROKE,VALID,LIGHT,FAST,TOP_TO_BOTTOM,CENTER,52.961847,747,3984.000,SDK_TOUCH_FLAG_ALWAYS_FALSE
operator_01/session_02/trial_000018_attempt_02,operator_01,session_02,trial_000018_attempt_02,trial_000018,2,PAT,VALID,LIGHT,SLOW,,CENTER,52.961847,740,3984.000,SDK_TOUCH_FLAG_ALWAYS_FALSE
operator_01/session_02/trial_000019,operator_01,session_02,trial_000019,trial_000019,1,TAP,VALID,FIRM,,,BOTTOM_RIGHT,52.961847,748,3984.000,SDK_TOUCH_FLAG_ALWAYS_FALSE
operator_01/session_02/trial_000020,operator_01,session_02,trial_000020,trial_000020,1,POKE,VALID,FIRM,,,BOTTOM,52.948557,747,3985.000,SDK_TOUCH_FLAG_ALWAYS_FALSE
operator_01/session_02/trial_000021,operator_01,session_02,trial_000021,trial_000021,1,STATIC_TOUCH,VALID,FIRM,SLOW,,CENTER,53.212851,749,3984.000,SDK_TOUCH_FLAG_ALWAYS_FALSE
operator_01/session_02/trial_000022,operator_01,session_02,trial_000022,trial_000022,1,IMPACT,VALID,FIRM,,,CENTER,52.697616,741,3985.000,SDK_TOUCH_FLAG_ALWAYS_FALSE
operator_01/session_02/trial_000023_attempt_02,operator_01,session_02,trial_000023_attempt_02,trial_000023,2,RUB,VALID,FIRM,FAST,HORIZONTAL,CENTER,52.961847,744,3984.000,SDK_TOUCH_FLAG_ALWAYS_FALSE
operator_01/session_02/trial_000024,operator_01,session_02,trial_000024,trial_000024,1,POKE,VALID,LIGHT,,,TOP,52.961847,744,3984.000,SDK_TOUCH_FLAG_ALWAYS_FALSE
operator_01/session_02/trial_000025,operator_01,session_02,trial_000025,trial_000025,1,STATIC_TOUCH,VALID,LIGHT,SLOW,,CENTER,52.948557,741,3985.000,SDK_TOUCH_FLAG_ALWAYS_FALSE
operator_01/session_02/trial_000026_attempt_02,operator_01,session_02,trial_000026_attempt_02,trial_000026,2,PAT,VALID,NORMAL,MEDIUM,,CENTER,52.961847,744,3984.000,SDK_TOUCH_FLAG_ALWAYS_FALSE
operator_01/session_02/trial_000027,operator_01,session_02,trial_000027,trial_000027,1,STATIC_TOUCH,VALID,NORMAL,MEDIUM,,CENTER,52.697616,744,3985.000,SDK_TOUCH_FLAG_ALWAYS_FALSE
operator_01/session_02/trial_000028,operator_01,session_02,trial_000028,trial_000028,1,TAP,VALID,LIGHT,,,CENTER,52.697616,746,3985.000,SDK_TOUCH_FLAG_ALWAYS_FALSE
operator_01/session_02/trial_000029,operator_01,session_02,trial_000029,trial_000029,1,IMPACT,VALID,NORMAL,,,CENTER,52.961847,743,3984.000,SDK_TOUCH_FLAG_ALWAYS_FALSE
operator_01/session_02/trial_000030,operator_01,session_02,trial_000030,trial_000030,1,TAP,VALID,NORMAL,,,TOP_LEFT,53.199498,747,3985.000,SDK_TOUCH_FLAG_ALWAYS_FALSE
operator_01/session_02/trial_000031,operator_01,session_02,trial_000031,trial_000031,1,STROKE,VALID,LIGHT,MEDIUM,BOTTOM_TO_TOP,CENTER,52.948557,735,3985.000,SDK_TOUCH_FLAG_ALWAYS_FALSE
operator_01/session_02/trial_000032_attempt_02,operator_01,session_02,trial_000032_attempt_02,trial_000032,2,RUB,VALID,NORMAL,SLOW,HORIZONTAL,CENTER,52.948557,744,3985.000,SDK_TOUCH_FLAG_ALWAYS_FALSE
operator_01/session_02/trial_000033,operator_01,session_02,trial_000033,trial_000033,1,POKE,VALID,NORMAL,,,CENTER,52.961847,735,3984.000,SDK_TOUCH_FLAG_ALWAYS_FALSE
operator_01/session_02/trial_000034,operator_01,session_02,trial_000034,trial_000034,1,STROKE,VALID,NORMAL,SLOW,LEFT_TO_RIGHT,CENTER,52.961847,746,3984.000,SDK_TOUCH_FLAG_ALWAYS_FALSE
operator_01/session_02/trial_000035_attempt_02,operator_01,session_02,trial_000035_attempt_02,trial_000035,2,RUB,VALID,NORMAL,MEDIUM,VERTICAL,CENTER,52.961847,743,3984.000,SDK_TOUCH_FLAG_ALWAYS_FALSE
operator_01/session_03/trial_000001,operator_01,session_03,trial_000001,trial_000001,1,IMPACT,VALID,NORMAL,,,CENTER,52.948557,748,3985.000,SDK_TOUCH_FLAG_ALWAYS_FALSE
operator_01/session_03/trial_000002_attempt_02,operator_01,session_03,trial_000002_attempt_02,trial_000002,2,PAT,VALID,LIGHT,SLOW,,CENTER,53.212851,741,3984.000,SDK_TOUCH_FLAG_ALWAYS_FALSE
operator_01/session_03/trial_000003_attempt_02,operator_01,session_03,trial_000003_attempt_02,trial_000003,2,RUB,VALID,NORMAL,SLOW,HORIZONTAL,CENTER,52.961847,744,3984.000,SDK_TOUCH_FLAG_ALWAYS_FALSE
operator_01/session_03/trial_000004,operator_01,session_03,trial_000004,trial_000004,1,TAP,VALID,LIGHT,,,CENTER,52.961847,748,3984.000,SDK_TOUCH_FLAG_ALWAYS_FALSE
operator_01/session_03/trial_000005,operator_01,session_03,trial_000005,trial_000005,1,STATIC_TOUCH,VALID,LIGHT,SLOW,,CENTER,52.961847,741,3984.000,SDK_TOUCH_FLAG_ALWAYS_FALSE
operator_01/session_03/trial_000006_attempt_02,operator_01,session_03,trial_000006_attempt_02,trial_000006,2,RUB,VALID,NORMAL,MEDIUM,VERTICAL,CENTER,52.697616,744,3985.000,SDK_TOUCH_FLAG_ALWAYS_FALSE
operator_01/session_03/trial_000007,operator_01,session_03,trial_000007,trial_000007,1,IMPACT,VALID,FIRM,,,CENTER,52.710843,748,3984.000,SDK_TOUCH_FLAG_ALWAYS_FALSE
operator_01/session_03/trial_000008,operator_01,session_03,trial_000008,trial_000008,1,STATIC_TOUCH,VALID,NORMAL,MEDIUM,,CENTER,53.212851,750,3984.000,SDK_TOUCH_FLAG_ALWAYS_FALSE
operator_01/session_03/trial_000009,operator_01,session_03,trial_000009,trial_000009,1,IMPACT,VALID,NORMAL,,,CENTER,52.948557,744,3985.000,SDK_TOUCH_FLAG_ALWAYS_FALSE
operator_01/session_03/trial_000010,operator_01,session_03,trial_000010,trial_000010,1,STROKE,VALID,NORMAL,SLOW,LEFT_TO_RIGHT,CENTER,52.697616,745,3985.000,SDK_TOUCH_FLAG_ALWAYS_FALSE
operator_01/session_03/trial_000011,operator_01,session_03,trial_000011,trial_000011,1,STATIC_TOUCH,VALID,FIRM,SLOW,,CENTER,52.961847,744,3984.000,SDK_TOUCH_FLAG_ALWAYS_FALSE
operator_01/session_03/trial_000012_attempt_02,operator_01,session_03,trial_000012_attempt_02,trial_000012,2,RUB,VALID,FIRM,FAST,HORIZONTAL,CENTER,52.948557,748,3985.000,SDK_TOUCH_FLAG_ALWAYS_FALSE
operator_01/session_03/trial_000013,operator_01,session_03,trial_000013,trial_000013,1,STROKE,VALID,NORMAL,MEDIUM,RIGHT_TO_LEFT,CENTER,52.961847,745,3984.000,SDK_TOUCH_FLAG_ALWAYS_FALSE
operator_01/session_03/trial_000014,operator_01,session_03,trial_000014,trial_000014,1,POKE,VALID,LIGHT,,,TOP,53.199498,746,3985.000,SDK_TOUCH_FLAG_ALWAYS_FALSE
operator_01/session_03/trial_000015_attempt_02,operator_01,session_03,trial_000015_attempt_02,trial_000015,2,PAT,VALID,NORMAL,MEDIUM,,CENTER,52.948557,744,3985.000,SDK_TOUCH_FLAG_ALWAYS_FALSE
operator_01/session_03/trial_000016,operator_01,session_03,trial_000016,trial_000016,1,POKE,VALID,NORMAL,,,CENTER,52.961847,742,3984.000,SDK_TOUCH_FLAG_ALWAYS_FALSE
operator_01/session_03/trial_000017,operator_01,session_03,trial_000017,trial_000017,1,IMPACT,VALID,FIRM,,,CENTER,52.948557,746,3985.000,SDK_TOUCH_FLAG_ALWAYS_FALSE
operator_01/session_03/trial_000018_attempt_02,operator_01,session_03,trial_000018_attempt_02,trial_000018,2,PAT,VALID,FIRM,FAST,,CENTER,52.961847,741,3984.000,SDK_TOUCH_FLAG_ALWAYS_FALSE
operator_01/session_03/trial_000019_attempt_02,operator_01,session_03,trial_000019_attempt_02,trial_000019,2,PAT,VALID,LIGHT,SLOW,,CENTER,52.961847,744,3984.000,SDK_TOUCH_FLAG_ALWAYS_FALSE
operator_01/session_03/trial_000020,operator_01,session_03,trial_000020,trial_000020,1,TAP,VALID,NORMAL,,,TOP_LEFT,52.948557,746,3985.000,SDK_TOUCH_FLAG_ALWAYS_FALSE
operator_01/session_03/trial_000021,operator_01,session_03,trial_000021,trial_000021,1,STROKE,VALID,LIGHT,FAST,TOP_TO_BOTTOM,CENTER,53.212851,745,3984.000,SDK_TOUCH_FLAG_ALWAYS_FALSE
operator_01/session_03/trial_000022,operator_01,session_03,trial_000022,trial_000022,1,POKE,VALID,FIRM,,,BOTTOM,52.948557,747,3985.000,SDK_TOUCH_FLAG_ALWAYS_FALSE
operator_01/session_03/trial_000023,operator_01,session_03,trial_000023,trial_000023,1,STATIC_TOUCH,VALID,LIGHT,SLOW,,CENTER,52.710843,746,3984.000,SDK_TOUCH_FLAG_ALWAYS_FALSE
operator_01/session_03/trial_000024,operator_01,session_03,trial_000024,trial_000024,1,TAP,VALID,FIRM,,,BOTTOM_RIGHT,52.710843,744,3984.000,SDK_TOUCH_FLAG_ALWAYS_FALSE
operator_01/session_03/trial_000025_attempt_02,operator_01,session_03,trial_000025_attempt_02,trial_000025,2,RUB,VALID,NORMAL,SLOW,HORIZONTAL,CENTER,53.212851,744,3984.000,SDK_TOUCH_FLAG_ALWAYS_FALSE
operator_01/session_03/trial_000026,operator_01,session_03,trial_000026,trial_000026,1,POKE,VALID,LIGHT,,,TOP,52.948557,744,3985.000,SDK_TOUCH_FLAG_ALWAYS_FALSE
operator_01/session_03/trial_000027,operator_01,session_03,trial_000027,trial_000027,1,STATIC_TOUCH,VALID,NORMAL,MEDIUM,,CENTER,52.961847,745,3984.000,SDK_TOUCH_FLAG_ALWAYS_FALSE
operator_01/session_03/trial_000028_attempt_02,operator_01,session_03,trial_000028_attempt_02,trial_000028,2,PAT,VALID,NORMAL,MEDIUM,,CENTER,52.697616,743,3985.000,SDK_TOUCH_FLAG_ALWAYS_FALSE
operator_01/session_03/trial_000029,operator_01,session_03,trial_000029,trial_000029,1,STROKE,VALID,LIGHT,MEDIUM,BOTTOM_TO_TOP,CENTER,52.961847,747,3984.000,SDK_TOUCH_FLAG_ALWAYS_FALSE
operator_01/session_03/trial_000030,operator_01,session_03,trial_000030,trial_000030,1,IMPACT,VALID,NORMAL,,,CENTER,52.961847,745,3984.000,SDK_TOUCH_FLAG_ALWAYS_FALSE
operator_01/session_03/trial_000031,operator_01,session_03,trial_000031,trial_000031,1,TAP,VALID,LIGHT,,,CENTER,52.697616,743,3985.000,SDK_TOUCH_FLAG_ALWAYS_FALSE
operator_01/session_03/trial_000032_attempt_02,operator_01,session_03,trial_000032_attempt_02,trial_000032,2,TAP,VALID,NORMAL,,,TOP_LEFT,53.212851,741,3984.000,SDK_TOUCH_FLAG_ALWAYS_FALSE
operator_01/session_03/trial_000033,operator_01,session_03,trial_000033,trial_000033,1,STROKE,VALID,NORMAL,SLOW,LEFT_TO_RIGHT,CENTER,52.961847,747,3984.000,SDK_TOUCH_FLAG_ALWAYS_FALSE
operator_01/session_03/trial_000034,operator_01,session_03,trial_000034,trial_000034,1,POKE,VALID,NORMAL,,,CENTER,52.961847,746,3984.000,SDK_TOUCH_FLAG_ALWAYS_FALSE
operator_01/session_03/trial_000035_attempt_02,operator_01,session_03,trial_000035_attempt_02,trial_000035,2,RUB,VALID,NORMAL,MEDIUM,VERTICAL,CENTER,52.710843,741,3984.000,SDK_TOUCH_FLAG_ALWAYS_FALSE
operator_02/session_01/trial_000001,operator_02,session_01,trial_000001,trial_000001,1,STROKE,VALID,NORMAL,SLOW,LEFT_TO_RIGHT,CENTER,52.948557,746,3985.000,SDK_TOUCH_FLAG_ALWAYS_FALSE
operator_02/session_01/trial_000002,operator_02,session_01,trial_000002,trial_000002,1,STROKE,VALID,NORMAL,MEDIUM,RIGHT_TO_LEFT,CENTER,53.212851,742,3984.000,SDK_TOUCH_FLAG_ALWAYS_FALSE
operator_02/session_01/trial_000003,operator_02,session_01,trial_000003,trial_000003,1,STATIC_TOUCH,VALID,LIGHT,SLOW,,CENTER,52.948557,746,3985.000,SDK_TOUCH_FLAG_ALWAYS_FALSE
operator_02/session_01/trial_000004_attempt_02,operator_02,session_01,trial_000004_attempt_02,trial_000004,2,PAT,VALID,LIGHT,SLOW,,CENTER,52.961847,745,3984.000,SDK_TOUCH_FLAG_ALWAYS_FALSE
operator_02/session_01/trial_000005,operator_02,session_01,trial_000005,trial_000005,1,IMPACT,VALID,NORMAL,,,CENTER,52.710843,744,3984.000,SDK_TOUCH_FLAG_ALWAYS_FALSE
operator_02/session_01/trial_000006,operator_02,session_01,trial_000006,trial_000006,1,POKE,VALID,LIGHT,,,TOP,52.948557,739,3985.000,SDK_TOUCH_FLAG_ALWAYS_FALSE
operator_02/session_01/trial_000007,operator_02,session_01,trial_000007,trial_000007,1,STROKE,VALID,LIGHT,FAST,TOP_TO_BOTTOM,CENTER,52.697616,747,3985.000,SDK_TOUCH_FLAG_ALWAYS_FALSE
operator_02/session_01/trial_000008,operator_02,session_01,trial_000008,trial_000008,1,IMPACT,VALID,FIRM,,,CENTER,52.948557,744,3985.000,SDK_TOUCH_FLAG_ALWAYS_FALSE
operator_02/session_01/trial_000009,operator_02,session_01,trial_000009,trial_000009,1,IMPACT,VALID,NORMAL,,,CENTER,52.961847,745,3984.000,SDK_TOUCH_FLAG_ALWAYS_FALSE
operator_02/session_01/trial_000010,operator_02,session_01,trial_000010,trial_000010,1,TAP,VALID,LIGHT,,,CENTER,52.961847,745,3984.000,SDK_TOUCH_FLAG_ALWAYS_FALSE
operator_02/session_01/trial_000011,operator_02,session_01,trial_000011,trial_000011,1,STROKE,VALID,LIGHT,MEDIUM,BOTTOM_TO_TOP,CENTER,52.710843,744,3984.000,SDK_TOUCH_FLAG_ALWAYS_FALSE
operator_02/session_01/trial_000012_attempt_02,operator_02,session_01,trial_000012_attempt_02,trial_000012,2,RUB,VALID,NORMAL,SLOW,HORIZONTAL,CENTER,52.961847,743,3984.000,SDK_TOUCH_FLAG_ALWAYS_FALSE
operator_02/session_01/trial_000013,operator_02,session_01,trial_000013,trial_000013,1,POKE,VALID,NORMAL,,,CENTER,52.961847,744,3984.000,SDK_TOUCH_FLAG_ALWAYS_FALSE
operator_02/session_01/trial_000014,operator_02,session_01,trial_000014,trial_000014,1,TAP,VALID,NORMAL,,,TOP_LEFT,52.961847,746,3984.000,SDK_TOUCH_FLAG_ALWAYS_FALSE
operator_02/session_01/trial_000015,operator_02,session_01,trial_000015,trial_000015,1,STATIC_TOUCH,VALID,NORMAL,MEDIUM,,CENTER,52.710843,742,3984.000,SDK_TOUCH_FLAG_ALWAYS_FALSE
operator_02/session_01/trial_000016_attempt_02,operator_02,session_01,trial_000016_attempt_02,trial_000016,2,RUB,VALID,NORMAL,MEDIUM,VERTICAL,CENTER,52.961847,746,3984.000,SDK_TOUCH_FLAG_ALWAYS_FALSE
operator_02/session_01/trial_000017_attempt_02,operator_02,session_01,trial_000017_attempt_02,trial_000017,2,PAT,VALID,NORMAL,MEDIUM,,CENTER,52.961847,746,3984.000,SDK_TOUCH_FLAG_ALWAYS_FALSE
operator_02/session_01/trial_000018_attempt_02,operator_02,session_01,trial_000018_attempt_02,trial_000018,2,RUB,VALID,FIRM,FAST,HORIZONTAL,CENTER,52.948557,743,3985.000,SDK_TOUCH_FLAG_ALWAYS_FALSE
operator_02/session_01/trial_000019,operator_02,session_01,trial_000019,trial_000019,1,POKE,VALID,FIRM,,,BOTTOM,52.948557,742,3985.000,SDK_TOUCH_FLAG_ALWAYS_FALSE
operator_02/session_01/trial_000020_attempt_02,operator_02,session_01,trial_000020_attempt_02,trial_000020,2,RUB,VALID,NORMAL,SLOW,HORIZONTAL,CENTER,52.948557,740,3985.000,SDK_TOUCH_FLAG_ALWAYS_FALSE
operator_02/session_01/trial_000021,operator_02,session_01,trial_000021,trial_000021,1,IMPACT,VALID,FIRM,,,CENTER,52.961847,741,3984.000,SDK_TOUCH_FLAG_ALWAYS_FALSE
operator_02/session_01/trial_000022_attempt_02,operator_02,session_01,trial_000022_attempt_02,trial_000022,2,PAT,VALID,FIRM,FAST,,CENTER,52.697616,743,3985.000,SDK_TOUCH_FLAG_ALWAYS_FALSE
operator_02/session_01/trial_000023,operator_02,session_01,trial_000023,trial_000023,1,STATIC_TOUCH,VALID,FIRM,SLOW,,CENTER,52.961847,747,3984.000,SDK_TOUCH_FLAG_ALWAYS_FALSE
operator_02/session_01/trial_000024,operator_02,session_01,trial_000024,trial_000024,1,POKE,VALID,LIGHT,,,TOP,52.961847,746,3984.000,SDK_TOUCH_FLAG_ALWAYS_FALSE
operator_02/session_01/trial_000025,operator_02,session_01,trial_000025,trial_000025,1,STATIC_TOUCH,VALID,LIGHT,SLOW,,CENTER,52.961847,744,3984.000,SDK_TOUCH_FLAG_ALWAYS_FALSE
operator_02/session_01/trial_000026,operator_02,session_01,trial_000026,trial_000026,1,IMPACT,VALID,NORMAL,,,CENTER,52.948557,741,3985.000,SDK_TOUCH_FLAG_ALWAYS_FALSE
operator_02/session_01/trial_000027,operator_02,session_01,trial_000027,trial_000027,1,POKE,VALID,NORMAL,,,CENTER,52.948557,746,3985.000,SDK_TOUCH_FLAG_ALWAYS_FALSE
operator_02/session_01/trial_000028_attempt_02,operator_02,session_01,trial_000028_attempt_02,trial_000028,2,RUB,VALID,NORMAL,MEDIUM,VERTICAL,CENTER,52.948557,746,3985.000,SDK_TOUCH_FLAG_ALWAYS_FALSE
operator_02/session_01/trial_000029_attempt_02,operator_02,session_01,trial_000029_attempt_02,trial_000029,2,PAT,VALID,LIGHT,SLOW,,CENTER,52.961847,743,3984.000,SDK_TOUCH_FLAG_ALWAYS_FALSE
operator_02/session_01/trial_000030,operator_02,session_01,trial_000030,trial_000030,1,TAP,VALID,FIRM,,,BOTTOM_RIGHT,52.948557,744,3985.000,SDK_TOUCH_FLAG_ALWAYS_FALSE
operator_02/session_01/trial_000031,operator_02,session_01,trial_000031,trial_000031,1,PAT,VALID,NORMAL,MEDIUM,,CENTER,52.948557,743,3985.000,SDK_TOUCH_FLAG_ALWAYS_FALSE
operator_02/session_01/trial_000032,operator_02,session_01,trial_000032,trial_000032,1,TAP,VALID,LIGHT,,,CENTER,52.710843,744,3984.000,SDK_TOUCH_FLAG_ALWAYS_FALSE
operator_02/session_01/trial_000033,operator_02,session_01,trial_000033,trial_000033,1,STATIC_TOUCH,VALID,NORMAL,MEDIUM,,CENTER,52.961847,743,3984.000,SDK_TOUCH_FLAG_ALWAYS_FALSE
operator_02/session_01/trial_000034,operator_02,session_01,trial_000034,trial_000034,1,TAP,VALID,NORMAL,,,TOP_LEFT,52.961847,746,3984.000,SDK_TOUCH_FLAG_ALWAYS_FALSE
operator_02/session_01/trial_000035,operator_02,session_01,trial_000035,trial_000035,1,STROKE,VALID,NORMAL,SLOW,LEFT_TO_RIGHT,CENTER,52.961847,743,3984.000,SDK_TOUCH_FLAG_ALWAYS_FALSE
operator_02/session_02/trial_000001,operator_02,session_02,trial_000001,trial_000001,1,POKE,VALID,LIGHT,,,TOP,52.948557,738,3985.000,SDK_TOUCH_FLAG_ALWAYS_FALSE
operator_02/session_02/trial_000002,operator_02,session_02,trial_000002,trial_000002,1,STROKE,VALID,NORMAL,SLOW,LEFT_TO_RIGHT,CENTER,52.948557,744,3985.000,SDK_TOUCH_FLAG_ALWAYS_FALSE
operator_02/session_02/trial_000003,operator_02,session_02,trial_000003,trial_000003,1,STATIC_TOUCH,VALID,LIGHT,SLOW,,CENTER,52.697616,743,3985.000,SDK_TOUCH_FLAG_ALWAYS_FALSE
operator_02/session_02/trial_000004,operator_02,session_02,trial_000004,trial_000004,1,IMPACT,VALID,NORMAL,,,CENTER,52.948557,741,3985.000,SDK_TOUCH_FLAG_ALWAYS_FALSE
operator_02/session_02/trial_000005,operator_02,session_02,trial_000005,trial_000005,1,POKE,VALID,NORMAL,,,CENTER,52.961847,747,3984.000,SDK_TOUCH_FLAG_ALWAYS_FALSE
operator_02/session_02/trial_000006,operator_02,session_02,trial_000006,trial_000006,1,STATIC_TOUCH,VALID,NORMAL,MEDIUM,,CENTER,52.961847,740,3984.000,SDK_TOUCH_FLAG_ALWAYS_FALSE
operator_02/session_02/trial_000007,operator_02,session_02,trial_000007,trial_000007,1,POKE,VALID,FIRM,,,BOTTOM,52.961847,747,3984.000,SDK_TOUCH_FLAG_ALWAYS_FALSE
operator_02/session_02/trial_000008,operator_02,session_02,trial_000008,trial_000008,1,PAT,VALID,LIGHT,SLOW,,CENTER,52.948557,741,3985.000,SDK_TOUCH_FLAG_ALWAYS_FALSE
operator_02/session_02/trial_000009,operator_02,session_02,trial_000009,trial_000009,1,PAT,VALID,NORMAL,MEDIUM,,CENTER,52.961847,747,3984.000,SDK_TOUCH_FLAG_ALWAYS_FALSE
operator_02/session_02/trial_000010,operator_02,session_02,trial_000010,trial_000010,1,TAP,VALID,LIGHT,,,CENTER,52.697616,745,3985.000,SDK_TOUCH_FLAG_ALWAYS_FALSE
operator_02/session_02/trial_000011,operator_02,session_02,trial_000011,trial_000011,1,STATIC_TOUCH,VALID,FIRM,SLOW,,CENTER,53.212851,741,3984.000,SDK_TOUCH_FLAG_ALWAYS_FALSE
operator_02/session_02/trial_000012,operator_02,session_02,trial_000012,trial_000012,1,STROKE,VALID,NORMAL,MEDIUM,RIGHT_TO_LEFT,CENTER,52.948557,744,3985.000,SDK_TOUCH_FLAG_ALWAYS_FALSE
operator_02/session_02/trial_000013,operator_02,session_02,trial_000013,trial_000013,1,PAT,VALID,FIRM,FAST,,CENTER,52.697616,745,3985.000,SDK_TOUCH_FLAG_ALWAYS_FALSE
operator_02/session_02/trial_000014,operator_02,session_02,trial_000014,trial_000014,1,POKE,VALID,LIGHT,,,TOP,52.710843,745,3984.000,SDK_TOUCH_FLAG_ALWAYS_FALSE
operator_02/session_02/trial_000015,operator_02,session_02,trial_000015,trial_000015,1,RUB,VALID,NORMAL,SLOW,HORIZONTAL,CENTER,52.948557,750,3985.000,SDK_TOUCH_FLAG_ALWAYS_FALSE
operator_02/session_02/trial_000016,operator_02,session_02,trial_000016,trial_000016,1,TAP,VALID,NORMAL,,,TOP_LEFT,52.961847,739,3984.000,SDK_TOUCH_FLAG_ALWAYS_FALSE
operator_02/session_02/trial_000017,operator_02,session_02,trial_000017,trial_000017,1,IMPACT,VALID,FIRM,,,CENTER,52.961847,738,3984.000,SDK_TOUCH_FLAG_ALWAYS_FALSE
operator_02/session_02/trial_000018,operator_02,session_02,trial_000018,trial_000018,1,PAT,VALID,LIGHT,SLOW,,CENTER,52.948557,742,3985.000,SDK_TOUCH_FLAG_ALWAYS_FALSE
operator_02/session_02/trial_000019,operator_02,session_02,trial_000019,trial_000019,1,RUB,VALID,NORMAL,MEDIUM,VERTICAL,CENTER,52.961847,747,3984.000,SDK_TOUCH_FLAG_ALWAYS_FALSE
operator_02/session_02/trial_000020,operator_02,session_02,trial_000020,trial_000020,1,STATIC_TOUCH,VALID,LIGHT,SLOW,,CENTER,52.961847,745,3984.000,SDK_TOUCH_FLAG_ALWAYS_FALSE
operator_02/session_02/trial_000021_attempt_02,operator_02,session_02,trial_000021_attempt_02,trial_000021,2,STATIC_TOUCH,VALID,NORMAL,MEDIUM,,CENTER,52.948557,739,3985.000,SDK_TOUCH_FLAG_ALWAYS_FALSE
operator_02/session_02/trial_000022,operator_02,session_02,trial_000022,trial_000022,1,STROKE,VALID,LIGHT,FAST,TOP_TO_BOTTOM,CENTER,52.948557,746,3985.000,SDK_TOUCH_FLAG_ALWAYS_FALSE
operator_02/session_02/trial_000023,operator_02,session_02,trial_000023,trial_000023,1,RUB,VALID,FIRM,FAST,HORIZONTAL,CENTER,52.948557,747,3985.000,SDK_TOUCH_FLAG_ALWAYS_FALSE
operator_02/session_02/trial_000024,operator_02,session_02,trial_000024,trial_000024,1,PAT,VALID,NORMAL,MEDIUM,,CENTER,52.948557,744,3985.000,SDK_TOUCH_FLAG_ALWAYS_FALSE
operator_02/session_02/trial_000025,operator_02,session_02,trial_000025,trial_000025,1,TAP,VALID,FIRM,,,BOTTOM_RIGHT,52.961847,749,3984.000,SDK_TOUCH_FLAG_ALWAYS_FALSE
operator_02/session_02/trial_000026,operator_02,session_02,trial_000026,trial_000026,1,IMPACT,VALID,NORMAL,,,CENTER,52.961847,744,3984.000,SDK_TOUCH_FLAG_ALWAYS_FALSE
operator_02/session_02/trial_000027,operator_02,session_02,trial_000027,trial_000027,1,IMPACT,VALID,FIRM,,,CENTER,52.948557,742,3985.000,SDK_TOUCH_FLAG_ALWAYS_FALSE
operator_02/session_02/trial_000028,operator_02,session_02,trial_000028,trial_000028,1,RUB,VALID,NORMAL,SLOW,HORIZONTAL,CENTER,52.961847,740,3984.000,SDK_TOUCH_FLAG_ALWAYS_FALSE
operator_02/session_02/trial_000029,operator_02,session_02,trial_000029,trial_000029,1,STROKE,VALID,LIGHT,MEDIUM,BOTTOM_TO_TOP,CENTER,52.948557,743,3985.000,SDK_TOUCH_FLAG_ALWAYS_FALSE
operator_02/session_02/trial_000030,operator_02,session_02,trial_000030,trial_000030,1,TAP,VALID,LIGHT,,,CENTER,52.710843,743,3984.000,SDK_TOUCH_FLAG_ALWAYS_FALSE
operator_02/session_02/trial_000031,operator_02,session_02,trial_000031,trial_000031,1,STROKE,VALID,NORMAL,SLOW,LEFT_TO_RIGHT,CENTER,52.948557,744,3985.000,SDK_TOUCH_FLAG_ALWAYS_FALSE
operator_02/session_02/trial_000032,operator_02,session_02,trial_000032,trial_000032,1,TAP,VALID,NORMAL,,,TOP_LEFT,52.961847,746,3984.000,SDK_TOUCH_FLAG_ALWAYS_FALSE
operator_02/session_02/trial_000033,operator_02,session_02,trial_000033,trial_000033,1,IMPACT,VALID,NORMAL,,,CENTER,52.948557,742,3985.000,SDK_TOUCH_FLAG_ALWAYS_FALSE
operator_02/session_02/trial_000034,operator_02,session_02,trial_000034,trial_000034,1,POKE,VALID,NORMAL,,,CENTER,52.697616,740,3985.000,SDK_TOUCH_FLAG_ALWAYS_FALSE
operator_02/session_02/trial_000035,operator_02,session_02,trial_000035,trial_000035,1,RUB,VALID,NORMAL,MEDIUM,VERTICAL,CENTER,52.961847,742,3984.000,SDK_TOUCH_FLAG_ALWAYS_FALSE
operator_02/session_03/trial_000001,operator_02,session_03,trial_000001,trial_000001,1,PAT,VALID,LIGHT,SLOW,,CENTER,52.961847,737,3984.000,SDK_TOUCH_FLAG_ALWAYS_FALSE
operator_02/session_03/trial_000002,operator_02,session_03,trial_000002,trial_000002,1,POKE,VALID,LIGHT,,,TOP,52.961847,742,3984.000,SDK_TOUCH_FLAG_ALWAYS_FALSE
operator_02/session_03/trial_000003,operator_02,session_03,trial_000003,trial_000003,1,RUB,VALID,NORMAL,SLOW,HORIZONTAL,CENTER,52.961847,743,3984.000,SDK_TOUCH_FLAG_ALWAYS_FALSE
operator_02/session_03/trial_000004,operator_02,session_03,trial_000004,trial_000004,1,STATIC_TOUCH,VALID,LIGHT,SLOW,,CENTER,53.212851,740,3984.000,SDK_TOUCH_FLAG_ALWAYS_FALSE
operator_02/session_03/trial_000005,operator_02,session_03,trial_000005,trial_000005,1,RUB,VALID,NORMAL,MEDIUM,VERTICAL,CENTER,52.697616,741,3985.000,SDK_TOUCH_FLAG_ALWAYS_FALSE
operator_02/session_03/trial_000006,operator_02,session_03,trial_000006,trial_000006,1,IMPACT,VALID,NORMAL,,,CENTER,52.710843,741,3984.000,SDK_TOUCH_FLAG_ALWAYS_FALSE
operator_02/session_03/trial_000007,operator_02,session_03,trial_000007,trial_000007,1,TAP,VALID,LIGHT,,,CENTER,52.961847,746,3984.000,SDK_TOUCH_FLAG_ALWAYS_FALSE
operator_02/session_03/trial_000008,operator_02,session_03,trial_000008,trial_000008,1,STROKE,VALID,NORMAL,SLOW,LEFT_TO_RIGHT,CENTER,52.961847,743,3984.000,SDK_TOUCH_FLAG_ALWAYS_FALSE
operator_02/session_03/trial_000009,operator_02,session_03,trial_000009,trial_000009,1,IMPACT,VALID,FIRM,,,CENTER,52.710843,747,3984.000,SDK_TOUCH_FLAG_ALWAYS_FALSE
operator_02/session_03/trial_000010,operator_02,session_03,trial_000010,trial_000010,1,STROKE,VALID,NORMAL,MEDIUM,RIGHT_TO_LEFT,CENTER,52.697616,744,3985.000,SDK_TOUCH_FLAG_ALWAYS_FALSE
operator_02/session_03/trial_000011,operator_02,session_03,trial_000011,trial_000011,1,RUB,VALID,FIRM,FAST,HORIZONTAL,CENTER,52.948557,747,3985.000,SDK_TOUCH_FLAG_ALWAYS_FALSE
operator_02/session_03/trial_000012,operator_02,session_03,trial_000012,trial_000012,1,STATIC_TOUCH,VALID,NORMAL,MEDIUM,,CENTER,52.948557,747,3985.000,SDK_TOUCH_FLAG_ALWAYS_FALSE
operator_02/session_03/trial_000013,operator_02,session_03,trial_000013,trial_000013,1,IMPACT,VALID,NORMAL,,,CENTER,52.697616,744,3985.000,SDK_TOUCH_FLAG_ALWAYS_FALSE
operator_02/session_03/trial_000014,operator_02,session_03,trial_000014,trial_000014,1,STROKE,VALID,LIGHT,FAST,TOP_TO_BOTTOM,CENTER,53.212851,745,3984.000,SDK_TOUCH_FLAG_ALWAYS_FALSE
operator_02/session_03/trial_000015,operator_02,session_03,trial_000015,trial_000015,1,TAP,VALID,NORMAL,,,TOP_LEFT,52.961847,744,3984.000,SDK_TOUCH_FLAG_ALWAYS_FALSE
operator_02/session_03/trial_000016,operator_02,session_03,trial_000016,trial_000016,1,STATIC_TOUCH,VALID,FIRM,SLOW,,CENTER,52.961847,743,3984.000,SDK_TOUCH_FLAG_ALWAYS_FALSE
operator_02/session_03/trial_000017,operator_02,session_03,trial_000017,trial_000017,1,TAP,VALID,FIRM,,,BOTTOM_RIGHT,52.948557,749,3985.000,SDK_TOUCH_FLAG_ALWAYS_FALSE
operator_02/session_03/trial_000018,operator_02,session_03,trial_000018,trial_000018,1,STROKE,VALID,LIGHT,MEDIUM,BOTTOM_TO_TOP,CENTER,52.961847,745,3984.000,SDK_TOUCH_FLAG_ALWAYS_FALSE
operator_02/session_03/trial_000019,operator_02,session_03,trial_000019,trial_000019,1,PAT,VALID,NORMAL,MEDIUM,,CENTER,52.961847,745,3984.000,SDK_TOUCH_FLAG_ALWAYS_FALSE
operator_02/session_03/trial_000020,operator_02,session_03,trial_000020,trial_000020,1,STATIC_TOUCH,VALID,LIGHT,SLOW,,CENTER,52.961847,746,3984.000,SDK_TOUCH_FLAG_ALWAYS_FALSE
operator_02/session_03/trial_000021,operator_02,session_03,trial_000021,trial_000021,1,POKE,VALID,NORMAL,,,CENTER,52.961847,741,3984.000,SDK_TOUCH_FLAG_ALWAYS_FALSE
operator_02/session_03/trial_000022,operator_02,session_03,trial_000022,trial_000022,1,TAP,VALID,LIGHT,,,CENTER,52.948557,745,3985.000,SDK_TOUCH_FLAG_ALWAYS_FALSE
operator_02/session_03/trial_000023,operator_02,session_03,trial_000023,trial_000023,1,POKE,VALID,FIRM,,,BOTTOM,52.710843,745,3984.000,SDK_TOUCH_FLAG_ALWAYS_FALSE
operator_02/session_03/trial_000024,operator_02,session_03,trial_000024,trial_000024,1,TAP,VALID,NORMAL,,,TOP_LEFT,52.961847,743,3984.000,SDK_TOUCH_FLAG_ALWAYS_FALSE
operator_02/session_03/trial_000025,operator_02,session_03,trial_000025,trial_000025,1,RUB,VALID,NORMAL,SLOW,HORIZONTAL,CENTER,52.948557,743,3985.000,SDK_TOUCH_FLAG_ALWAYS_FALSE
operator_02/session_03/trial_000026,operator_02,session_03,trial_000026,trial_000026,1,RUB,VALID,NORMAL,MEDIUM,VERTICAL,CENTER,52.961847,742,3984.000,SDK_TOUCH_FLAG_ALWAYS_FALSE
operator_02/session_03/trial_000027,operator_02,session_03,trial_000027,trial_000027,1,PAT,VALID,FIRM,FAST,,CENTER,52.961847,749,3984.000,SDK_TOUCH_FLAG_ALWAYS_FALSE
operator_02/session_03/trial_000028,operator_02,session_03,trial_000028,trial_000028,1,STATIC_TOUCH,VALID,NORMAL,MEDIUM,,CENTER,52.948557,745,3985.000,SDK_TOUCH_FLAG_ALWAYS_FALSE
operator_02/session_03/trial_000029,operator_02,session_03,trial_000029,trial_000029,1,PAT,VALID,LIGHT,SLOW,,CENTER,52.710843,741,3984.000,SDK_TOUCH_FLAG_ALWAYS_FALSE
operator_02/session_03/trial_000030,operator_02,session_03,trial_000030,trial_000030,1,IMPACT,VALID,FIRM,,,CENTER,52.948557,746,3985.000,SDK_TOUCH_FLAG_ALWAYS_FALSE
operator_02/session_03/trial_000031,operator_02,session_03,trial_000031,trial_000031,1,IMPACT,VALID,NORMAL,,,CENTER,53.212851,742,3984.000,SDK_TOUCH_FLAG_ALWAYS_FALSE
operator_02/session_03/trial_000032,operator_02,session_03,trial_000032,trial_000032,1,POKE,VALID,LIGHT,,,TOP,52.948557,744,3985.000,SDK_TOUCH_FLAG_ALWAYS_FALSE
operator_02/session_03/trial_000033,operator_02,session_03,trial_000033,trial_000033,1,STROKE,VALID,NORMAL,SLOW,LEFT_TO_RIGHT,CENTER,52.961847,744,3984.000,SDK_TOUCH_FLAG_ALWAYS_FALSE
operator_02/session_03/trial_000034,operator_02,session_03,trial_000034,trial_000034,1,POKE,VALID,NORMAL,,,CENTER,52.948557,744,3985.000,SDK_TOUCH_FLAG_ALWAYS_FALSE
operator_02/session_03/trial_000035,operator_02,session_03,trial_000035,trial_000035,1,PAT,VALID,NORMAL,MEDIUM,,CENTER,52.948557,741,3985.000,SDK_TOUCH_FLAG_ALWAYS_FALSE
operator_03/session_01/trial_000001,operator_03,session_01,trial_000001,trial_000001,1,PAT,VALID,LIGHT,SLOW,,CENTER,52.961847,742,3984.000,SDK_TOUCH_FLAG_ALWAYS_FALSE
operator_03/session_01/trial_000002,operator_03,session_01,trial_000002,trial_000002,1,POKE,VALID,LIGHT,,,TOP,52.961847,746,3984.000,SDK_TOUCH_FLAG_ALWAYS_FALSE
operator_03/session_01/trial_000003,operator_03,session_01,trial_000003,trial_000003,1,PAT,VALID,NORMAL,MEDIUM,,CENTER,52.961847,742,3984.000,SDK_TOUCH_FLAG_ALWAYS_FALSE
operator_03/session_01/trial_000004,operator_03,session_01,trial_000004,trial_000004,1,STATIC_TOUCH,VALID,LIGHT,SLOW,,CENTER,53.212851,747,3984.000,SDK_TOUCH_FLAG_ALWAYS_FALSE
operator_03/session_01/trial_000005,operator_03,session_01,trial_000005,trial_000005,1,STROKE,VALID,NORMAL,SLOW,LEFT_TO_RIGHT,CENTER,52.710843,745,3984.000,SDK_TOUCH_FLAG_ALWAYS_FALSE
operator_03/session_01/trial_000006,operator_03,session_01,trial_000006,trial_000006,1,RUB,VALID,NORMAL,SLOW,HORIZONTAL,CENTER,52.961847,741,3984.000,SDK_TOUCH_FLAG_ALWAYS_FALSE
operator_03/session_01/trial_000007,operator_03,session_01,trial_000007,trial_000007,1,STATIC_TOUCH,VALID,NORMAL,MEDIUM,,CENTER,52.961847,744,3984.000,SDK_TOUCH_FLAG_ALWAYS_FALSE
operator_03/session_01/trial_000008,operator_03,session_01,trial_000008,trial_000008,1,POKE,VALID,NORMAL,,,CENTER,52.948557,744,3985.000,SDK_TOUCH_FLAG_ALWAYS_FALSE
operator_03/session_01/trial_000009,operator_03,session_01,trial_000009,trial_000009,1,RUB,VALID,NORMAL,MEDIUM,VERTICAL,CENTER,52.697616,745,3985.000,SDK_TOUCH_FLAG_ALWAYS_FALSE
operator_03/session_01/trial_000010,operator_03,session_01,trial_000010,trial_000010,1,TAP,VALID,LIGHT,,,CENTER,52.948557,747,3985.000,SDK_TOUCH_FLAG_ALWAYS_FALSE
operator_03/session_01/trial_000011,operator_03,session_01,trial_000011,trial_000011,1,TAP,VALID,NORMAL,,,TOP_LEFT,53.212851,745,3984.000,SDK_TOUCH_FLAG_ALWAYS_FALSE
operator_03/session_01/trial_000012,operator_03,session_01,trial_000012,trial_000012,1,IMPACT,VALID,NORMAL,,,CENTER,53.212851,747,3984.000,SDK_TOUCH_FLAG_ALWAYS_FALSE
operator_03/session_01/trial_000013,operator_03,session_01,trial_000013,trial_000013,1,POKE,VALID,FIRM,,,BOTTOM,53.199498,748,3985.000,SDK_TOUCH_FLAG_ALWAYS_FALSE
operator_03/session_01/trial_000014,operator_03,session_01,trial_000014,trial_000014,1,TAP,VALID,FIRM,,,BOTTOM_RIGHT,52.961847,747,3984.000,SDK_TOUCH_FLAG_ALWAYS_FALSE
operator_03/session_01/trial_000015,operator_03,session_01,trial_000015,trial_000015,1,POKE,VALID,LIGHT,,,TOP,52.961847,749,3984.000,SDK_TOUCH_FLAG_ALWAYS_FALSE
operator_03/session_01/trial_000016,operator_03,session_01,trial_000016,trial_000016,1,RUB,VALID,FIRM,FAST,HORIZONTAL,CENTER,53.212851,738,3984.000,SDK_TOUCH_FLAG_ALWAYS_FALSE
operator_03/session_01/trial_000017,operator_03,session_01,trial_000017,trial_000017,1,STATIC_TOUCH,VALID,FIRM,SLOW,,CENTER,52.961847,745,3984.000,SDK_TOUCH_FLAG_ALWAYS_FALSE
operator_03/session_01/trial_000018,operator_03,session_01,trial_000018,trial_000018,1,STATIC_TOUCH,VALID,LIGHT,SLOW,,CENTER,52.948557,748,3985.000,SDK_TOUCH_FLAG_ALWAYS_FALSE
operator_03/session_01/trial_000019,operator_03,session_01,trial_000019,trial_000019,1,IMPACT,VALID,FIRM,,,CENTER,52.948557,747,3985.000,SDK_TOUCH_FLAG_ALWAYS_FALSE
operator_03/session_01/trial_000020,operator_03,session_01,trial_000020,trial_000020,1,STROKE,VALID,NORMAL,MEDIUM,RIGHT_TO_LEFT,CENTER,52.961847,742,3984.000,SDK_TOUCH_FLAG_ALWAYS_FALSE
operator_03/session_01/trial_000021,operator_03,session_01,trial_000021,trial_000021,1,PAT,VALID,FIRM,FAST,,CENTER,52.961847,747,3984.000,SDK_TOUCH_FLAG_ALWAYS_FALSE
operator_03/session_01/trial_000022,operator_03,session_01,trial_000022,trial_000022,1,IMPACT,VALID,NORMAL,,,CENTER,52.948557,747,3985.000,SDK_TOUCH_FLAG_ALWAYS_FALSE
operator_03/session_01/trial_000023,operator_03,session_01,trial_000023,trial_000023,1,PAT,VALID,LIGHT,SLOW,,CENTER,52.948557,745,3985.000,SDK_TOUCH_FLAG_ALWAYS_FALSE
operator_03/session_01/trial_000024,operator_03,session_01,trial_000024,trial_000024,1,RUB,VALID,NORMAL,SLOW,HORIZONTAL,CENTER,52.710843,746,3984.000,SDK_TOUCH_FLAG_ALWAYS_FALSE
operator_03/session_01/trial_000025,operator_03,session_01,trial_000025,trial_000025,1,TAP,VALID,LIGHT,,,CENTER,52.948557,746,3985.000,SDK_TOUCH_FLAG_ALWAYS_FALSE
operator_03/session_01/trial_000026,operator_03,session_01,trial_000026,trial_000026,1,STROKE,VALID,LIGHT,FAST,TOP_TO_BOTTOM,CENTER,52.961847,741,3984.000,SDK_TOUCH_FLAG_ALWAYS_FALSE
operator_03/session_01/trial_000027,operator_03,session_01,trial_000027,trial_000027,1,PAT,VALID,NORMAL,MEDIUM,,CENTER,52.948557,746,3985.000,SDK_TOUCH_FLAG_ALWAYS_FALSE
operator_03/session_01/trial_000028,operator_03,session_01,trial_000028,trial_000028,1,IMPACT,VALID,FIRM,,,CENTER,53.199498,751,3985.000,SDK_TOUCH_FLAG_ALWAYS_FALSE
operator_03/session_01/trial_000029,operator_03,session_01,trial_000029,trial_000029,1,RUB,VALID,NORMAL,MEDIUM,VERTICAL,CENTER,52.961847,748,3984.000,SDK_TOUCH_FLAG_ALWAYS_FALSE
operator_03/session_01/trial_000030,operator_03,session_01,trial_000030,trial_000030,1,IMPACT,VALID,NORMAL,,,CENTER,52.948557,745,3985.000,SDK_TOUCH_FLAG_ALWAYS_FALSE
operator_03/session_01/trial_000031,operator_03,session_01,trial_000031,trial_000031,1,STROKE,VALID,LIGHT,MEDIUM,BOTTOM_TO_TOP,CENTER,52.948557,741,3985.000,SDK_TOUCH_FLAG_ALWAYS_FALSE
operator_03/session_01/trial_000032,operator_03,session_01,trial_000032,trial_000032,1,TAP,VALID,NORMAL,,,TOP_LEFT,52.961847,748,3984.000,SDK_TOUCH_FLAG_ALWAYS_FALSE
operator_03/session_01/trial_000033,operator_03,session_01,trial_000033,trial_000033,1,STROKE,VALID,NORMAL,SLOW,LEFT_TO_RIGHT,CENTER,52.961847,744,3984.000,SDK_TOUCH_FLAG_ALWAYS_FALSE
operator_03/session_01/trial_000034,operator_03,session_01,trial_000034,trial_000034,1,POKE,VALID,NORMAL,,,CENTER,52.948557,745,3985.000,SDK_TOUCH_FLAG_ALWAYS_FALSE
operator_03/session_01/trial_000035,operator_03,session_01,trial_000035,trial_000035,1,STATIC_TOUCH,VALID,NORMAL,MEDIUM,,CENTER,52.948557,745,3985.000,SDK_TOUCH_FLAG_ALWAYS_FALSE
operator_03/session_02/trial_000001,operator_03,session_02,trial_000001,trial_000001,1,STROKE,VALID,NORMAL,SLOW,LEFT_TO_RIGHT,CENTER,52.961847,743,3984.000,SDK_TOUCH_FLAG_ALWAYS_FALSE
operator_03/session_02/trial_000002,operator_03,session_02,trial_000002,trial_000002,1,STATIC_TOUCH,VALID,LIGHT,SLOW,,CENTER,52.961847,746,3984.000,SDK_TOUCH_FLAG_ALWAYS_FALSE
operator_03/session_02/trial_000003,operator_03,session_02,trial_000003,trial_000003,1,IMPACT,VALID,NORMAL,,,CENTER,52.948557,749,3985.000,SDK_TOUCH_FLAG_ALWAYS_FALSE
operator_03/session_02/trial_000004,operator_03,session_02,trial_000004,trial_000004,1,STATIC_TOUCH,VALID,NORMAL,MEDIUM,,CENTER,52.948557,747,3985.000,SDK_TOUCH_FLAG_ALWAYS_FALSE
operator_03/session_02/trial_000005,operator_03,session_02,trial_000005,trial_000005,1,TAP,VALID,LIGHT,,,CENTER,52.961847,745,3984.000,SDK_TOUCH_FLAG_ALWAYS_FALSE
operator_03/session_02/trial_000006,operator_03,session_02,trial_000006,trial_000006,1,STROKE,VALID,NORMAL,MEDIUM,RIGHT_TO_LEFT,CENTER,52.961847,741,3984.000,SDK_TOUCH_FLAG_ALWAYS_FALSE
operator_03/session_02/trial_000007,operator_03,session_02,trial_000007,trial_000007,1,STATIC_TOUCH,VALID,FIRM,SLOW,,CENTER,52.961847,744,3984.000,SDK_TOUCH_FLAG_ALWAYS_FALSE
operator_03/session_02/trial_000008,operator_03,session_02,trial_000008,trial_000008,1,POKE,VALID,LIGHT,,,TOP,52.697616,743,3985.000,SDK_TOUCH_FLAG_ALWAYS_FALSE
operator_03/session_02/trial_000009,operator_03,session_02,trial_000009,trial_000009,1,STATIC_TOUCH,VALID,LIGHT,SLOW,,CENTER,52.697616,743,3985.000,SDK_TOUCH_FLAG_ALWAYS_FALSE
operator_03/session_02/trial_000010,operator_03,session_02,trial_000010,trial_000010,1,PAT,VALID,LIGHT,SLOW,,CENTER,52.961847,743,3984.000,SDK_TOUCH_FLAG_ALWAYS_FALSE
operator_03/session_02/trial_000011,operator_03,session_02,trial_000011,trial_000011,1,PAT,VALID,NORMAL,MEDIUM,,CENTER,52.961847,740,3984.000,SDK_TOUCH_FLAG_ALWAYS_FALSE
operator_03/session_02/trial_000012,operator_03,session_02,trial_000012,trial_000012,1,IMPACT,VALID,FIRM,,,CENTER,52.948557,746,3985.000,SDK_TOUCH_FLAG_ALWAYS_FALSE
operator_03/session_02/trial_000013,operator_03,session_02,trial_000013,trial_000013,1,RUB,VALID,NORMAL,SLOW,HORIZONTAL,CENTER,52.948557,746,3985.000,SDK_TOUCH_FLAG_ALWAYS_FALSE
operator_03/session_02/trial_000014,operator_03,session_02,trial_000014,trial_000014,1,RUB,VALID,NORMAL,MEDIUM,VERTICAL,CENTER,52.710843,745,3984.000,SDK_TOUCH_FLAG_ALWAYS_FALSE
operator_03/session_02/trial_000015,operator_03,session_02,trial_000015,trial_000015,1,POKE,VALID,NORMAL,,,CENTER,52.710843,745,3984.000,SDK_TOUCH_FLAG_ALWAYS_FALSE
operator_03/session_02/trial_000016,operator_03,session_02,trial_000016,trial_000016,1,RUB,VALID,FIRM,FAST,HORIZONTAL,CENTER,52.948557,741,3985.000,SDK_TOUCH_FLAG_ALWAYS_FALSE
operator_03/session_02/trial_000017,operator_03,session_02,trial_000017,trial_000017,1,STROKE,VALID,LIGHT,FAST,TOP_TO_BOTTOM,CENTER,52.961847,745,3984.000,SDK_TOUCH_FLAG_ALWAYS_FALSE
operator_03/session_02/trial_000018,operator_03,session_02,trial_000018,trial_000018,1,IMPACT,VALID,NORMAL,,,CENTER,52.961847,745,3984.000,SDK_TOUCH_FLAG_ALWAYS_FALSE
operator_03/session_02/trial_000019,operator_03,session_02,trial_000019,trial_000019,1,POKE,VALID,FIRM,,,BOTTOM,53.199498,746,3985.000,SDK_TOUCH_FLAG_ALWAYS_FALSE
operator_03/session_02/trial_000020,operator_03,session_02,trial_000020,trial_000020,1,RUB,VALID,NORMAL,SLOW,HORIZONTAL,CENTER,52.961847,747,3984.000,SDK_TOUCH_FLAG_ALWAYS_FALSE
operator_03/session_02/trial_000021,operator_03,session_02,trial_000021,trial_000021,1,POKE,VALID,LIGHT,,,TOP,52.961847,743,3984.000,SDK_TOUCH_FLAG_ALWAYS_FALSE
operator_03/session_02/trial_000022,operator_03,session_02,trial_000022,trial_000022,1,TAP,VALID,NORMAL,,,TOP_LEFT,52.961847,745,3984.000,SDK_TOUCH_FLAG_ALWAYS_FALSE
operator_03/session_02/trial_000023,operator_03,session_02,trial_000023,trial_000023,1,TAP,VALID,FIRM,,,BOTTOM_RIGHT,52.961847,747,3984.000,SDK_TOUCH_FLAG_ALWAYS_FALSE
operator_03/session_02/trial_000024,operator_03,session_02,trial_000024,trial_000024,1,STROKE,VALID,LIGHT,MEDIUM,BOTTOM_TO_TOP,CENTER,52.961847,745,3984.000,SDK_TOUCH_FLAG_ALWAYS_FALSE
operator_03/session_02/trial_000025,operator_03,session_02,trial_000025,trial_000025,1,IMPACT,VALID,FIRM,,,CENTER,52.961847,743,3984.000,SDK_TOUCH_FLAG_ALWAYS_FALSE
operator_03/session_02/trial_000026,operator_03,session_02,trial_000026,trial_000026,1,TAP,VALID,LIGHT,,,CENTER,52.961847,743,3984.000,SDK_TOUCH_FLAG_ALWAYS_FALSE
operator_03/session_02/trial_000027,operator_03,session_02,trial_000027,trial_000027,1,PAT,VALID,FIRM,FAST,,CENTER,53.199498,747,3985.000,SDK_TOUCH_FLAG_ALWAYS_FALSE
operator_03/session_02/trial_000028,operator_03,session_02,trial_000028,trial_000028,1,PAT,VALID,LIGHT,SLOW,,CENTER,52.961847,748,3984.000,SDK_TOUCH_FLAG_ALWAYS_FALSE
operator_03/session_02/trial_000029,operator_03,session_02,trial_000029,trial_000029,1,POKE,VALID,NORMAL,,,CENTER,52.961847,747,3984.000,SDK_TOUCH_FLAG_ALWAYS_FALSE
operator_03/session_02/trial_000030,operator_03,session_02,trial_000030,trial_000030,1,PAT,VALID,NORMAL,MEDIUM,,CENTER,52.948557,748,3985.000,SDK_TOUCH_FLAG_ALWAYS_FALSE
operator_03/session_02/trial_000031,operator_03,session_02,trial_000031,trial_000031,1,IMPACT,VALID,NORMAL,,,CENTER,52.961847,741,3984.000,SDK_TOUCH_FLAG_ALWAYS_FALSE
operator_03/session_02/trial_000032,operator_03,session_02,trial_000032,trial_000032,1,TAP,VALID,NORMAL,,,TOP_LEFT,52.961847,745,3984.000,SDK_TOUCH_FLAG_ALWAYS_FALSE
operator_03/session_02/trial_000033,operator_03,session_02,trial_000033,trial_000033,1,STATIC_TOUCH,VALID,NORMAL,MEDIUM,,CENTER,52.961847,744,3984.000,SDK_TOUCH_FLAG_ALWAYS_FALSE
operator_03/session_02/trial_000034,operator_03,session_02,trial_000034,trial_000034,1,STROKE,VALID,NORMAL,SLOW,LEFT_TO_RIGHT,CENTER,52.961847,745,3984.000,SDK_TOUCH_FLAG_ALWAYS_FALSE
operator_03/session_02/trial_000035,operator_03,session_02,trial_000035,trial_000035,1,RUB,VALID,NORMAL,MEDIUM,VERTICAL,CENTER,52.948557,748,3985.000,SDK_TOUCH_FLAG_ALWAYS_FALSE
operator_03/session_03/trial_000001,operator_03,session_03,trial_000001,trial_000001,1,STROKE,VALID,NORMAL,SLOW,LEFT_TO_RIGHT,CENTER,52.948557,741,3985.000,SDK_TOUCH_FLAG_ALWAYS_FALSE
operator_03/session_03/trial_000002,operator_03,session_03,trial_000002,trial_000002,1,STATIC_TOUCH,VALID,LIGHT,SLOW,,CENTER,52.961847,746,3984.000,SDK_TOUCH_FLAG_ALWAYS_FALSE
operator_03/session_03/trial_000003,operator_03,session_03,trial_000003,trial_000003,1,POKE,VALID,LIGHT,,,TOP,52.948557,744,3985.000,SDK_TOUCH_FLAG_ALWAYS_FALSE
operator_03/session_03/trial_000004,operator_03,session_03,trial_000004,trial_000004,1,TAP,VALID,LIGHT,,,CENTER,52.948557,746,3985.000,SDK_TOUCH_FLAG_ALWAYS_FALSE
operator_03/session_03/trial_000005,operator_03,session_03,trial_000005,trial_000005,1,STROKE,VALID,NORMAL,MEDIUM,RIGHT_TO_LEFT,CENTER,52.961847,746,3984.000,SDK_TOUCH_FLAG_ALWAYS_FALSE
operator_03/session_03/trial_000006,operator_03,session_03,trial_000006,trial_000006,1,IMPACT,VALID,NORMAL,,,CENTER,52.697616,738,3985.000,SDK_TOUCH_FLAG_ALWAYS_FALSE
operator_03/session_03/trial_000007,operator_03,session_03,trial_000007,trial_000007,1,STROKE,VALID,LIGHT,FAST,TOP_TO_BOTTOM,CENTER,52.961847,747,3984.000,SDK_TOUCH_FLAG_ALWAYS_FALSE
operator_03/session_03/trial_000008,operator_03,session_03,trial_000008,trial_000008,1,STATIC_TOUCH,VALID,NORMAL,MEDIUM,,CENTER,52.948557,746,3985.000,SDK_TOUCH_FLAG_ALWAYS_FALSE
operator_03/session_03/trial_000009,operator_03,session_03,trial_000009,trial_000009,1,TAP,VALID,NORMAL,,,TOP_LEFT,52.948557,749,3985.000,SDK_TOUCH_FLAG_ALWAYS_FALSE
operator_03/session_03/trial_000010,operator_03,session_03,trial_000010,trial_000010,1,PAT,VALID,LIGHT,SLOW,,CENTER,53.199498,748,3985.000,SDK_TOUCH_FLAG_ALWAYS_FALSE
operator_03/session_03/trial_000011,operator_03,session_03,trial_000011,trial_000011,1,RUB,VALID,NORMAL,SLOW,HORIZONTAL,CENTER,52.961847,737,3984.000,SDK_TOUCH_FLAG_ALWAYS_FALSE
operator_03/session_03/trial_000012,operator_03,session_03,trial_000012,trial_000012,1,RUB,VALID,NORMAL,MEDIUM,VERTICAL,CENTER,52.948557,745,3985.000,SDK_TOUCH_FLAG_ALWAYS_FALSE
operator_03/session_03/trial_000013,operator_03,session_03,trial_000013,trial_000013,1,IMPACT,VALID,FIRM,,,CENTER,52.948557,746,3985.000,SDK_TOUCH_FLAG_ALWAYS_FALSE
operator_03/session_03/trial_000014,operator_03,session_03,trial_000014,trial_000014,1,PAT,VALID,NORMAL,MEDIUM,,CENTER,52.961847,745,3984.000,SDK_TOUCH_FLAG_ALWAYS_FALSE
operator_03/session_03/trial_000015,operator_03,session_03,trial_000015,trial_000015,1,PAT,VALID,FIRM,FAST,,CENTER,52.710843,745,3984.000,SDK_TOUCH_FLAG_ALWAYS_FALSE
operator_03/session_03/trial_000016,operator_03,session_03,trial_000016,trial_000016,1,RUB,VALID,FIRM,FAST,HORIZONTAL,CENTER,52.948557,743,3985.000,SDK_TOUCH_FLAG_ALWAYS_FALSE
operator_03/session_03/trial_000017,operator_03,session_03,trial_000017,trial_000017,1,TAP,VALID,FIRM,,,BOTTOM_RIGHT,52.961847,748,3984.000,SDK_TOUCH_FLAG_ALWAYS_FALSE
operator_03/session_03/trial_000018,operator_03,session_03,trial_000018,trial_000018,1,RUB,VALID,NORMAL,SLOW,HORIZONTAL,CENTER,52.948557,744,3985.000,SDK_TOUCH_FLAG_ALWAYS_FALSE
operator_03/session_03/trial_000019,operator_03,session_03,trial_000019,trial_000019,1,POKE,VALID,NORMAL,,,CENTER,52.961847,746,3984.000,SDK_TOUCH_FLAG_ALWAYS_FALSE
operator_03/session_03/trial_000020,operator_03,session_03,trial_000020,trial_000020,1,PAT,VALID,LIGHT,SLOW,,CENTER,52.961847,746,3984.000,SDK_TOUCH_FLAG_ALWAYS_FALSE
operator_03/session_03/trial_000021,operator_03,session_03,trial_000021,trial_000021,1,IMPACT,VALID,NORMAL,,,CENTER,52.961847,741,3984.000,SDK_TOUCH_FLAG_ALWAYS_FALSE
operator_03/session_03/trial_000022,operator_03,session_03,trial_000022,trial_000022,1,PAT,VALID,NORMAL,MEDIUM,,CENTER,52.961847,742,3984.000,SDK_TOUCH_FLAG_ALWAYS_FALSE
operator_03/session_03/trial_000023,operator_03,session_03,trial_000023,trial_000023,1,POKE,VALID,FIRM,,,BOTTOM,52.697616,743,3985.000,SDK_TOUCH_FLAG_ALWAYS_FALSE
operator_03/session_03/trial_000024,operator_03,session_03,trial_000024,trial_000024,1,POKE,VALID,LIGHT,,,TOP,52.948557,739,3985.000,SDK_TOUCH_FLAG_ALWAYS_FALSE
operator_03/session_03/trial_000025,operator_03,session_03,trial_000025,trial_000025,1,IMPACT,VALID,FIRM,,,CENTER,52.948557,743,3985.000,SDK_TOUCH_FLAG_ALWAYS_FALSE
operator_03/session_03/trial_000026,operator_03,session_03,trial_000026,trial_000026,1,TAP,VALID,LIGHT,,,CENTER,53.212851,740,3984.000,SDK_TOUCH_FLAG_ALWAYS_FALSE
operator_03/session_03/trial_000027,operator_03,session_03,trial_000027,trial_000027,1,STATIC_TOUCH,VALID,FIRM,SLOW,,CENTER,52.948557,744,3985.000,SDK_TOUCH_FLAG_ALWAYS_FALSE
operator_03/session_03/trial_000028,operator_03,session_03,trial_000028,trial_000028,1,TAP,VALID,NORMAL,,,TOP_LEFT,52.961847,744,3984.000,SDK_TOUCH_FLAG_ALWAYS_FALSE
operator_03/session_03/trial_000029,operator_03,session_03,trial_000029,trial_000029,1,STATIC_TOUCH,VALID,LIGHT,SLOW,,CENTER,52.961847,743,3984.000,SDK_TOUCH_FLAG_ALWAYS_FALSE
operator_03/session_03/trial_000030,operator_03,session_03,trial_000030,trial_000030,1,STROKE,VALID,LIGHT,MEDIUM,BOTTOM_TO_TOP,CENTER,52.961847,744,3984.000,SDK_TOUCH_FLAG_ALWAYS_FALSE
operator_03/session_03/trial_000031,operator_03,session_03,trial_000031,trial_000031,1,POKE,VALID,NORMAL,,,CENTER,52.961847,741,3984.000,SDK_TOUCH_FLAG_ALWAYS_FALSE
operator_03/session_03/trial_000032,operator_03,session_03,trial_000032,trial_000032,1,RUB,VALID,NORMAL,MEDIUM,VERTICAL,CENTER,53.212851,749,3984.000,SDK_TOUCH_FLAG_ALWAYS_FALSE
operator_03/session_03/trial_000033,operator_03,session_03,trial_000033,trial_000033,1,STATIC_TOUCH,VALID,NORMAL,MEDIUM,,CENTER,52.710843,746,3984.000,SDK_TOUCH_FLAG_ALWAYS_FALSE
operator_03/session_03/trial_000034,operator_03,session_03,trial_000034,trial_000034,1,IMPACT,VALID,NORMAL,,,CENTER,52.961847,742,3984.000,SDK_TOUCH_FLAG_ALWAYS_FALSE
operator_03/session_03/trial_000035,operator_03,session_03,trial_000035,trial_000035,1,STROKE,VALID,NORMAL,SLOW,LEFT_TO_RIGHT,CENTER,52.961847,749,3984.000,SDK_TOUCH_FLAG_ALWAYS_FALSE
